No, Arrival time, AE channel, Amplitude, Counts, Duration, Energy, Rise counts, Rise Time
       1,20:17:22:31:473:579200, 1,     97.3,      98,     2935,      14.766,       2,     10.0
       2,20:17:22:31:473:618600, 2,     66.6,     114,     2212,       0.041,      12,     85.0
       3,20:17:22:31:473:628200, 7,     58.6,      65,      751,       0.003,      10,     80.0
       4,20:17:22:31:473:635500, 3,     64.4,     149,     2705,       0.025,      23,    347.0
       5,20:17:22:31:473:639200, 8,     62.9,     134,     2456,       0.018,      30,    433.0
       6,20:17:22:31:473:643400, 5,     63.6,     121,     2686,       0.028,      39,    531.0
       7,20:17:22:31:473:671600, 4,     59.3,      75,     1414,       0.004,      14,    163.0
       8,20:17:22:31:473:696200, 6,     62.2,      87,     2109,       0.024,      24,    308.0
       9,20:17:22:31:923:579100, 1,     97.5,      99,     2935,      14.789,       2,     10.0
      10,20:17:22:31:923:618400, 2,     66.6,     100,     2212,       0.041,      12,     85.0
      11,20:17:22:31:923:635500, 3,     64.5,     143,     2705,       0.025,      22,    347.0
      12,20:17:22:31:923:639200, 8,     62.9,     127,     2456,       0.018,      28,    433.0
      13,20:17:22:31:923:643100, 5,     63.6,     130,     2660,       0.028,      39,    531.0
      14,20:17:22:31:923:643700, 4,     57.6,      63,     1454,       0.004,      12,    202.0
      15,20:17:22:31:923:650400, 7,     57.5,      60,      665,       0.003,       8,     61.0
      16,20:17:22:31:923:696100, 6,     62.2,      87,     2109,       0.024,      24,    307.0
      17,20:17:22:32:373:579000, 1,     97.6,     105,     2908,      14.789,       2,     10.0
      18,20:17:22:32:373:618400, 2,     66.6,     109,     2212,       0.041,      12,     84.0
      19,20:17:22:32:373:635400, 3,     64.5,     140,     2705,       0.025,      23,    347.0
      20,20:17:22:32:373:639500, 8,     62.8,     127,     2483,       0.018,      29,    433.0
      21,20:17:22:32:373:643100, 5,     63.6,     124,     2660,       0.028,      38,    532.0
      22,20:17:22:32:373:650300, 7,     57.5,      60,      665,       0.003,       8,     61.0
      23,20:17:22:32:373:671600, 4,     59.2,      69,     1413,       0.004,      15,    163.0
      24,20:17:22:32:373:696000, 6,     62.2,      84,     2109,       0.024,      23,    307.0
      25,20:17:22:32:823:578900, 1,     97.6,      98,     2936,      14.789,       2,     11.0
      26,20:17:22:32:823:618200, 2,     66.6,     102,     2212,       0.041,      12,     84.0
      27,20:17:22:32:823:635300, 3,     64.4,     159,     2705,       0.025,      25,    347.0
      28,20:17:22:32:823:638800, 8,     62.8,     131,     2456,       0.018,      29,    433.0
      29,20:17:22:32:823:643200, 5,     63.6,     125,     2660,       0.028,      37,    531.0
      30,20:17:22:32:823:643900, 4,     57.5,      67,     1454,       0.004,      12,    201.0
      31,20:17:22:32:823:650200, 7,     57.5,      61,      665,       0.003,       8,     61.0
      32,20:17:22:32:823:696000, 6,     62.2,      87,     2108,       0.024,      23,    307.0
      33,20:17:22:33:273:578800, 1,     97.5,      99,     2934,      14.787,       2,     11.0
      34,20:17:22:33:273:618200, 2,     66.6,     102,     2212,       0.041,      12,     84.0
      35,20:17:22:33:273:635100, 3,     64.4,     148,     2705,       0.025,      24,    347.0
      36,20:17:22:33:273:638900, 8,     62.8,     125,     2456,       0.018,      29,    433.0
      37,20:17:22:33:273:643000, 5,     63.6,     122,     2660,       0.028,      40,    531.0
      38,20:17:22:33:273:650100, 7,     57.5,      58,      665,       0.003,       8,     61.0
      39,20:17:22:33:273:671200, 4,     59.2,      78,     1413,       0.004,      14,    163.0
      40,20:17:22:33:273:695900, 6,     62.2,      89,     2109,       0.024,      24,    308.0
      41,20:17:22:33:812:907800, 2,     97.4,      90,     2862,      14.371,       2,     11.0
      42,20:17:22:33:812:937500, 7,     62.8,      64,      626,       0.005,      13,     86.0
      43,20:17:22:33:812:941800, 4,     56.2,      74,     1673,       0.003,       6,     70.0
      44,20:17:22:33:812:942900, 3,     62.0,      99,     1888,       0.014,      33,    309.0
      45,20:17:22:33:812:947200, 1,     67.6,     129,     2211,       0.041,      13,     84.0
      46,20:17:22:33:812:958300, 6,     63.5,     114,     2175,       0.011,      14,     96.0
      47,20:17:22:33:812:969900, 5,     60.7,     138,     2600,       0.011,      19,    219.0
      48,20:17:22:33:812:998200, 8,     61.9,     129,     2427,       0.016,      31,    321.0
      49,20:17:22:34:262:907700, 2,     97.5,      91,     2862,      14.386,       2,     11.0
      50,20:17:22:34:262:937400, 7,     62.8,      65,      626,       0.005,      13,     86.0
      51,20:17:22:34:262:941800, 4,     56.1,      76,     1673,       0.003,       6,     70.0
      52,20:17:22:34:262:942900, 3,     62.0,      96,     1888,       0.014,      33,    308.0
      53,20:17:22:34:262:947100, 1,     67.6,     124,     2211,       0.041,      13,     84.0
      54,20:17:22:34:262:958200, 6,     63.5,     117,     2175,       0.011,      14,     96.0
      55,20:17:22:34:262:969900, 5,     60.7,     147,     2600,       0.011,      19,    218.0
      56,20:17:22:34:262:998000, 8,     61.9,     137,     2428,       0.016,      32,    321.0
      57,20:17:22:34:712:907600, 2,     97.5,      84,     2862,      14.385,       2,     11.0
      58,20:17:22:34:712:937300, 7,     62.9,      63,      626,       0.005,      13,     85.0
      59,20:17:22:34:712:941800, 4,     56.2,      75,     1674,       0.003,       8,     70.0
      60,20:17:22:34:712:942800, 3,     62.0,      95,     1888,       0.014,      33,    308.0
      61,20:17:22:34:712:947100, 1,     67.6,     114,     2211,       0.041,      13,     84.0
      62,20:17:22:34:712:958100, 6,     63.5,     120,     2175,       0.011,      14,     96.0
      63,20:17:22:34:712:969700, 5,     60.7,     126,     2240,       0.011,      18,    218.0
      64,20:17:22:34:712:998000, 8,     62.0,     133,     2427,       0.016,      30,    321.0
      65,20:17:22:35:162:907500, 2,     97.4,      86,     2862,      14.384,       2,     11.0
      66,20:17:22:35:162:937200, 7,     62.9,      67,      626,       0.005,      13,     85.0
      67,20:17:22:35:162:941600, 4,     56.2,      65,     1673,       0.003,       6,     70.0
      68,20:17:22:35:162:942700, 3,     62.0,      98,     1888,       0.014,      33,    308.0
      69,20:17:22:35:162:946900, 1,     67.6,     124,     2212,       0.041,      13,     85.0
      70,20:17:22:35:162:958100, 6,     63.5,     121,     2199,       0.011,      14,     95.0
      71,20:17:22:35:162:969700, 5,     60.7,     126,     2600,       0.011,      18,    218.0
      72,20:17:22:35:162:998100, 8,     61.9,     123,     2427,       0.016,      30,    320.0
      73,20:17:22:35:612:907500, 2,     97.4,      91,     2862,      14.385,       2,     10.0
      74,20:17:22:35:612:937200, 7,     62.8,      65,      626,       0.005,      13,     85.0
      75,20:17:22:35:612:941700, 4,     56.3,      81,     1673,       0.003,       6,     69.0
      76,20:17:22:35:612:942600, 3,     62.0,      99,     1888,       0.014,      33,    308.0
      77,20:17:22:35:612:946900, 1,     67.6,     118,     2212,       0.041,      13,     85.0
      78,20:17:22:35:612:958000, 6,     63.5,     106,     2200,       0.011,      14,     95.0
      79,20:17:22:35:612:969600, 5,     60.7,     131,     2599,       0.011,      18,    218.0
      80,20:17:22:35:612:997800, 8,     61.9,     131,     2428,       0.016,      31,    322.0
      81,20:17:22:36:133:546400, 3,     97.6,     143,     2995,      22.057,       2,     10.0
      82,20:17:22:36:133:581500, 2,     62.7,     105,     1889,       0.015,      17,    140.0
      83,20:17:22:36:133:583400, 6,     71.8,     144,     2513,       0.058,      10,     72.0
      84,20:17:22:36:133:583500, 4,     60.3,      89,     2038,       0.007,      13,    170.0
      85,20:17:22:36:133:592000, 7,     55.7,      59,      705,       0.001,      16,    171.0
      86,20:17:22:36:133:592700, 8,     69.6,     142,     2791,       0.068,      26,    292.0
      87,20:17:22:36:133:592800, 5,     69.4,     141,     2401,       0.090,       5,     35.0
      88,20:17:22:36:133:602800, 1,     64.2,     136,     2706,       0.026,      20,    317.0
      89,20:17:22:36:583:546300, 3,     97.6,     137,     2994,      22.081,       2,     10.0
      90,20:17:22:36:583:581500, 2,     62.7,      93,     1888,       0.015,      17,    139.0
      91,20:17:22:36:583:583200, 6,     71.8,     150,     2513,       0.058,      10,     72.0
      92,20:17:22:36:583:583300, 4,     60.4,      88,     2037,       0.007,      12,    170.0
      93,20:17:22:36:583:592700, 5,     69.4,     135,     2483,       0.090,       5,     35.0
      94,20:17:22:36:583:592700, 8,     69.7,     143,     2791,       0.068,      26,    292.0
      95,20:17:22:36:583:595500, 7,     52.9,      61,      819,       0.001,       6,     42.0
      96,20:17:22:36:583:602700, 1,     64.2,     132,     2706,       0.026,      20,    317.0
      97,20:17:22:37:033:546200, 3,     97.5,     143,     2995,      22.080,       2,     10.0
      98,20:17:22:37:033:581300, 2,     62.7,      94,     1888,       0.015,      17,    139.0
      99,20:17:22:37:033:583100, 6,     71.8,     140,     2513,       0.058,      10,     72.0
     100,20:17:22:37:033:583200, 4,     60.3,      96,     2037,       0.007,      11,    170.0
     101,20:17:22:37:033:591700, 7,     55.8,      57,      706,       0.001,      16,    172.0
     102,20:17:22:37:033:592500, 5,     69.4,     140,     2401,       0.090,       5,     35.0
     103,20:17:22:37:033:592500, 8,     69.6,     144,     2791,       0.068,      26,    292.0
     104,20:17:22:37:033:602700, 1,     64.2,     131,     2706,       0.026,      20,    317.0
     105,20:17:22:37:483:546100, 3,     97.5,     141,     2994,      22.079,       2,     10.0
     106,20:17:22:37:483:581200, 2,     62.7,      97,     2102,       0.015,      17,    139.0
     107,20:17:22:37:483:583100, 6,     71.8,     145,     2513,       0.058,      10,     72.0
     108,20:17:22:37:483:583200, 4,     60.3,      97,     2064,       0.007,      11,    170.0
     109,20:17:22:37:483:591600, 7,     55.7,      59,      706,       0.001,      16,    172.0
     110,20:17:22:37:483:592400, 8,     69.6,     154,     2791,       0.068,      26,    292.0
     111,20:17:22:37:483:592500, 5,     69.5,     139,     2401,       0.090,       5,     35.0
     112,20:17:22:37:483:602500, 1,     64.2,     133,     2705,       0.026,      20,    317.0
     113,20:17:22:37:933:546000, 3,     97.4,     142,     2995,      22.077,       2,     10.0
     114,20:17:22:37:933:581200, 2,     62.7,      94,     1888,       0.015,      18,    139.0
     115,20:17:22:37:933:583000, 4,     60.2,      80,     2037,       0.007,      12,    170.0
     116,20:17:22:37:933:583000, 6,     71.8,     143,     2512,       0.058,      10,     71.0
     117,20:17:22:37:933:592300, 8,     69.7,     146,     2790,       0.068,      26,    292.0
     118,20:17:22:37:933:592500, 5,     69.4,     133,     2401,       0.090,       5,     34.0
     119,20:17:22:37:933:595500, 7,     53.0,      57,      819,       0.001,       5,     42.0
     120,20:17:22:37:933:602400, 1,     64.2,     137,     2706,       0.026,      20,    317.0
     121,20:17:22:38:425:548600, 4,     97.5,      49,     1951,      11.811,       2,     11.0
     122,20:17:22:38:425:575100, 3,     63.2,     125,     2061,       0.012,      12,    169.0
     123,20:17:22:38:425:581400, 2,     60.4,      87,     1700,       0.006,       8,     70.0
     124,20:17:22:38:425:581500, 6,     61.6,     104,     1883,       0.010,       6,     50.0
     125,20:17:22:38:425:583900, 7,     54.7,      48,      683,       0.001,      18,    152.0
     126,20:17:22:38:425:593200, 8,     63.8,     103,     1898,       0.019,      24,    237.0
     127,20:17:22:38:425:595400, 5,     62.9,     115,     1783,       0.011,      21,    165.0
     128,20:17:22:38:425:605800, 1,     62.7,     102,     1471,       0.007,      21,    198.0
     129,20:17:22:38:875:548600, 4,     97.3,      54,     1950,      11.832,       2,     10.0
     130,20:17:22:38:875:575000, 3,     63.2,     113,     2061,       0.012,      12,    169.0
     131,20:17:22:38:875:581400, 2,     60.4,      83,     1700,       0.006,       8,     70.0
     132,20:17:22:38:875:581500, 6,     61.5,     109,     1884,       0.010,       6,     50.0
     133,20:17:22:38:875:586800, 7,     54.7,      46,      676,       0.001,      13,    103.0
     134,20:17:22:38:875:593100, 8,     63.8,     105,     1898,       0.019,      23,    237.0
     135,20:17:22:38:875:595400, 5,     62.9,     116,     1783,       0.011,      21,    165.0
     136,20:17:22:38:875:605600, 1,     62.7,      98,     1472,       0.007,      21,    197.0
     137,20:17:22:39:325:548500, 4,     97.2,      50,     1950,      11.837,       2,     10.0
     138,20:17:22:39:325:574800, 3,     63.2,     122,     2062,       0.012,      13,    170.0
     139,20:17:22:39:325:581300, 2,     60.4,      82,     1700,       0.006,       8,     70.0
     140,20:17:22:39:325:581400, 6,     61.6,      99,     1883,       0.010,       6,     50.0
     141,20:17:22:39:325:586700, 7,     54.7,      48,      676,       0.001,      13,    103.0
     142,20:17:22:39:325:593000, 8,     63.8,     106,     1897,       0.019,      23,    237.0
     143,20:17:22:39:325:595200, 5,     62.9,     118,     1783,       0.011,      21,    165.0
     144,20:17:22:39:325:605600, 1,     62.7,     113,     1471,       0.007,      21,    198.0
     145,20:17:22:39:775:548400, 4,     97.2,      53,     1949,      11.838,       2,     10.0
     146,20:17:22:39:775:575000, 3,     63.2,     108,     2061,       0.012,      12,    169.0
     147,20:17:22:39:775:581100, 2,     60.4,      78,     1699,       0.006,       8,     70.0
     148,20:17:22:39:775:581400, 6,     61.6,     100,     1883,       0.010,       6,     50.0
     149,20:17:22:39:775:586600, 7,     54.6,      51,      676,       0.001,      13,    103.0
     150,20:17:22:39:775:592800, 8,     63.8,     102,     1899,       0.019,      23,    238.0
     151,20:17:22:39:775:595100, 5,     62.9,     111,     1783,       0.011,      21,    165.0
     152,20:17:22:39:775:605400, 1,     62.7,     107,     1473,       0.007,      21,    197.0
     153,20:17:22:40:225:548300, 4,     97.4,      53,     1949,      11.840,       2,     10.0
     154,20:17:22:40:225:575000, 3,     63.2,     108,     2060,       0.012,      11,    168.0
     155,20:17:22:40:225:581000, 2,     60.4,      80,     1700,       0.006,       8,     70.0
     156,20:17:22:40:225:581200, 6,     61.6,     108,     1884,       0.010,       6,     50.0
     157,20:17:22:40:225:586500, 7,     54.7,      46,      675,       0.001,      13,    103.0
     158,20:17:22:40:225:592800, 8,     63.8,     100,     1898,       0.019,      23,    238.0
     159,20:17:22:40:225:595000, 5,     62.9,     124,     1783,       0.011,      21,    165.0
     160,20:17:22:40:225:605400, 1,     62.7,     102,     1473,       0.007,      20,    197.0
     161,20:17:22:40:722:457900, 5,     97.4,     110,     2955,      17.744,       2,     11.0
     162,20:17:22:40:722:479900, 8,     78.9,     103,     2541,       0.359,       9,     68.0
     163,20:17:22:40:722:485900, 6,     74.4,     133,     2602,       0.128,       5,     49.0
     164,20:17:22:40:722:504300, 3,     69.4,     131,     2401,       0.090,       5,     34.0
     165,20:17:22:40:722:508400, 4,     57.8,      80,     1584,       0.004,      22,    205.0
     166,20:17:22:40:722:519900, 2,     61.2,     132,     2602,       0.012,      18,    218.0
     167,20:17:22:40:722:522100, 1,     64.0,     133,     2661,       0.030,      43,    561.0
     168,20:17:22:40:722:576800, 7,     56.8,      57,      735,       0.001,      11,    144.0
     169,20:17:22:41:172:457900, 5,     97.2,     103,     2954,      17.760,       2,     11.0
     170,20:17:22:41:172:479900, 8,     78.9,     110,     2540,       0.359,       9,     68.0
     171,20:17:22:41:172:485800, 6,     74.4,     131,     2602,       0.128,       5,     49.0
     172,20:17:22:41:172:504200, 3,     69.4,     133,     2401,       0.090,       5,     34.0
     173,20:17:22:41:172:508300, 4,     57.8,      82,     1585,       0.004,      21,    205.0
     174,20:17:22:41:172:519800, 2,     61.3,     130,     2603,       0.012,      18,    218.0
     175,20:17:22:41:172:522300, 1,     64.0,     117,     2660,       0.030,      39,    561.0
     176,20:17:22:41:172:576600, 7,     56.8,      57,      735,       0.001,      11,    144.0
     177,20:17:22:41:622:457800, 5,     97.1,     108,     2979,      17.761,       2,     11.0
     178,20:17:22:41:622:479800, 8,     78.9,     103,     2540,       0.359,       9,     68.0
     179,20:17:22:41:622:485800, 6,     74.4,     134,     2602,       0.128,       5,     49.0
     180,20:17:22:41:622:503900, 3,     69.4,     131,     2401,       0.090,       5,     35.0
     181,20:17:22:41:622:508200, 4,     57.8,      90,     1584,       0.004,      21,    205.0
     182,20:17:22:41:622:519900, 2,     61.3,     128,     2602,       0.012,      19,    218.0
     183,20:17:22:41:622:521600, 1,     64.0,     122,     2661,       0.030,      39,    562.0
     184,20:17:22:41:622:576600, 7,     56.7,      58,      735,       0.001,      11,    143.0
     185,20:17:22:42:072:457700, 5,     97.1,     106,     2955,      17.761,       2,     11.0
     186,20:17:22:42:072:479700, 8,     78.9,     109,     2540,       0.359,       9,     67.0
     187,20:17:22:42:072:485700, 6,     74.4,     128,     2602,       0.128,       5,     49.0
     188,20:17:22:42:072:503900, 3,     69.4,     122,     2401,       0.090,       5,     35.0
     189,20:17:22:42:072:508200, 4,     57.8,      82,     1584,       0.004,      21,    205.0
     190,20:17:22:42:072:519600, 2,     61.3,     123,     2601,       0.012,      19,    218.0
     191,20:17:22:42:072:521900, 1,     64.0,     114,     2685,       0.030,      37,    562.0
     192,20:17:22:42:072:576400, 7,     56.7,      60,      735,       0.001,      11,    143.0
     193,20:17:22:42:522:457600, 5,     97.3,     105,     2979,      17.762,       2,     11.0
     194,20:17:22:42:522:479600, 8,     78.9,     109,     2540,       0.359,       9,     67.0
     195,20:17:22:42:522:485600, 6,     74.4,     132,     2602,       0.128,       5,     49.0
     196,20:17:22:42:522:503800, 3,     69.4,     132,     2401,       0.090,       5,     35.0
     197,20:17:22:42:522:508100, 4,     57.8,      80,     1583,       0.004,      21,    205.0
     198,20:17:22:42:522:519700, 2,     61.3,     133,     2602,       0.012,      18,    218.0
     199,20:17:22:42:522:521900, 1,     64.0,     122,     2661,       0.030,      38,    562.0
     200,20:17:22:42:522:576400, 7,     56.7,      56,      734,       0.001,      11,    143.0
     201,20:17:22:43:028:821100, 6,     97.3,     104,     3010,      13.250,       2,     10.0
     202,20:17:22:43:028:844900, 8,     74.0,     130,     3105,       0.131,      34,    307.0
     203,20:17:22:43:028:849200, 5,     74.6,     143,     2601,       0.131,      12,    103.0
     204,20:17:22:43:028:857900, 3,     71.1,     148,     2513,       0.062,      10,     73.0
     205,20:17:22:43:028:858900, 4,     56.4,      86,     1810,       0.005,      17,    155.0
     206,20:17:22:43:028:871500, 2,     63.9,     122,     2285,       0.012,      15,     96.0
     207,20:17:22:43:028:912500, 7,     55.9,      73,      729,       0.002,      14,     85.0
     208,20:17:22:43:028:935400, 1,     61.8,     107,     2100,       0.027,      12,    122.0
     209,20:17:22:43:478:821100, 6,     97.5,     103,     3009,      13.261,       2,     10.0
     210,20:17:22:43:478:844800, 8,     74.0,     127,     2592,       0.131,      34,    307.0
     211,20:17:22:43:478:849000, 5,     74.6,     142,     2601,       0.131,      12,    102.0
     212,20:17:22:43:478:857900, 3,     71.1,     148,     2513,       0.062,      10,     73.0
     213,20:17:22:43:478:858900, 4,     56.3,      92,     1810,       0.005,      42,    441.0
     214,20:17:22:43:478:871400, 2,     63.9,     115,     2286,       0.012,      15,     96.0
     215,20:17:22:43:478:912400, 7,     56.0,      69,      729,       0.002,      14,     85.0
     216,20:17:22:43:478:937900, 1,     62.6,      95,     2110,       0.027,      27,    308.0
     217,20:17:22:43:928:821000, 6,     97.5,      97,     3008,      13.262,       2,     10.0
     218,20:17:22:43:928:844700, 8,     74.0,     129,     3106,       0.131,      33,    307.0
     219,20:17:22:43:928:848900, 5,     74.6,     133,     2602,       0.131,      12,    103.0
     220,20:17:22:43:928:857800, 3,     71.1,     156,     2513,       0.062,      10,     73.0
     221,20:17:22:43:928:858600, 4,     56.4,      83,     1810,       0.005,      16,    155.0
     222,20:17:22:43:928:871300, 2,     63.9,     122,     2285,       0.012,      15,     96.0
     223,20:17:22:43:928:912200, 7,     55.9,      75,      728,       0.002,      14,     85.0
     224,20:17:22:43:928:937900, 1,     62.6,      91,     2109,       0.027,      27,    308.0
     225,20:17:22:44:378:820900, 6,     97.4,      99,     2865,      13.260,       2,     11.0
     226,20:17:22:44:378:844700, 8,     74.0,     128,     2592,       0.131,      34,    307.0
     227,20:17:22:44:378:848900, 5,     74.6,     136,     2602,       0.131,      12,    103.0
     228,20:17:22:44:378:857600, 3,     71.1,     138,     2513,       0.062,      10,     73.0
     229,20:17:22:44:378:858600, 4,     56.3,      89,     1810,       0.005,      39,    441.0
     230,20:17:22:44:378:871200, 2,     63.9,     117,     2285,       0.012,      15,     96.0
     231,20:17:22:44:378:912100, 7,     55.9,      73,      729,       0.002,      14,     84.0
     232,20:17:22:44:378:935200, 1,     61.9,      99,     2345,       0.027,      12,    122.0
     233,20:17:22:44:828:820800, 6,     97.3,     103,     3009,      13.259,       2,     11.0
     234,20:17:22:44:828:844600, 8,     74.0,     127,     2592,       0.131,      34,    307.0
     235,20:17:22:44:828:848800, 5,     74.6,     140,     2601,       0.131,      12,    103.0
     236,20:17:22:44:828:857600, 3,     71.1,     147,     2513,       0.062,      10,     72.0
     237,20:17:22:44:828:858500, 4,     56.4,      90,     1810,       0.005,      40,    441.0
     238,20:17:22:44:828:871200, 2,     63.9,     126,     2285,       0.012,      16,     96.0
     239,20:17:22:44:828:912100, 7,     55.8,      74,      729,       0.002,      14,     85.0
     240,20:17:22:44:828:935000, 1,     61.8,     108,     2099,       0.027,      12,    122.0
     241,20:17:22:45:343:727900, 7,     97.3,      66,     1956,      12.905,       2,     11.0
     242,20:17:22:45:343:757500, 2,     64.6,      84,      703,       0.008,      13,     86.0
     243,20:17:22:45:343:767900, 4,     51.3,      26,      294,       0.000,      14,    143.0
     244,20:17:22:45:343:773300, 3,     56.3,      64,      706,       0.002,      20,    172.0
     245,20:17:22:45:343:777000, 1,     61.9,      81,      817,       0.005,      17,    113.0
     246,20:17:22:45:343:819400, 6,     56.1,      76,      729,       0.003,      14,     85.0
     247,20:17:22:45:343:838200, 8,     53.3,      77,      769,       0.002,      46,    388.0
     248,20:17:22:45:343:847500, 5,     55.8,      55,      769,       0.001,      10,    124.0
     249,20:17:22:45:793:727800, 7,     97.2,      67,     1954,      12.923,       2,     11.0
     250,20:17:22:45:793:757400, 2,     64.6,      84,      703,       0.008,      13,     86.0
     251,20:17:22:45:793:767800, 4,     51.1,      26,      294,       0.000,      15,    143.0
     252,20:17:22:45:793:776700, 3,     54.3,      64,      819,       0.002,       5,     42.0
     253,20:17:22:45:793:776800, 1,     62.0,      79,      818,       0.005,      17,    114.0
     254,20:17:22:45:793:819200, 6,     56.2,      77,      729,       0.003,      14,     85.0
     255,20:17:22:45:793:838200, 8,     53.2,      77,      768,       0.002,      46,    388.0
     256,20:17:22:45:793:846900, 5,     55.7,      63,      784,       0.001,      15,    125.0
     257,20:17:22:46:243:727700, 7,     97.1,      71,     1956,      12.923,       2,     11.0
     258,20:17:22:46:243:757300, 2,     64.6,      82,      703,       0.008,      13,     86.0
     259,20:17:22:46:243:767900, 4,     51.4,      27,      294,       0.000,      15,    143.0
     260,20:17:22:46:243:776800, 1,     62.0,      78,      817,       0.005,      17,    114.0
     261,20:17:22:46:243:776800, 3,     54.4,      60,      818,       0.002,       5,     42.0
     262,20:17:22:46:243:819300, 6,     56.1,      74,      729,       0.003,      14,     85.0
     263,20:17:22:46:243:838100, 8,     53.2,      77,      768,       0.002,      47,    388.0
     264,20:17:22:46:243:847100, 5,     55.7,      56,      769,       0.001,       9,    124.0
     265,20:17:22:46:693:727600, 7,     97.0,      67,     1956,      12.925,       2,     11.0
     266,20:17:22:46:693:757200, 2,     64.7,      87,      702,       0.008,      13,     85.0
     267,20:17:22:46:693:767400, 4,     51.1,      27,      294,       0.000,      15,    143.0
     268,20:17:22:46:693:772700, 3,     56.3,      60,      707,       0.002,      18,    173.0
     269,20:17:22:46:693:780700, 1,     60.3,      85,      804,       0.005,      15,    106.0
     270,20:17:22:46:693:819200, 6,     56.0,      76,      729,       0.003,      14,     85.0
     271,20:17:22:46:693:838000, 8,     53.3,      78,      768,       0.002,      46,    388.0
     272,20:17:22:46:693:846600, 5,     55.7,      58,      770,       0.001,      12,    125.0
     273,20:17:22:47:143:727500, 7,     97.0,      68,     1956,      12.926,       2,     11.0
     274,20:17:22:47:143:757100, 2,     64.6,      83,      703,       0.008,      13,     85.0
     275,20:17:22:47:143:767300, 4,     51.3,      28,      294,       0.000,      16,    143.0
     276,20:17:22:47:143:772700, 3,     56.3,      65,      707,       0.002,      20,    173.0
     277,20:17:22:47:143:780600, 1,     60.3,      85,      804,       0.005,      16,    106.0
     278,20:17:22:47:143:819000, 6,     56.1,      76,      728,       0.003,      14,     84.0
     279,20:17:22:47:143:837800, 8,     53.3,      78,      769,       0.002,      46,    389.0
     280,20:17:22:47:143:846800, 5,     55.7,      58,      769,       0.001,      11,    125.0
     281,20:17:22:47:658:361500, 8,     97.4,     141,     3197,      12.028,       2,     10.0
     282,20:17:22:47:658:383600, 5,     79.3,     103,     2539,       0.339,       9,     67.0
     283,20:17:22:47:658:385200, 6,     74.1,     123,     2591,       0.129,      36,    306.0
     284,20:17:22:47:658:407800, 3,     69.6,     150,     2790,       0.065,      26,    292.0
     285,20:17:22:47:658:408300, 4,     59.7,      90,     1575,       0.010,      19,    236.0
     286,20:17:22:47:658:421800, 1,     62.9,     139,     2456,       0.017,      35,    433.0
     287,20:17:22:47:658:438900, 2,     63.3,     136,     2455,       0.016,      28,    323.0
     288,20:17:22:47:658:471700, 7,     53.5,      78,      769,       0.002,      40,    297.0
     289,20:17:22:48:108:361400, 8,     97.4,     141,     3197,      12.045,       2,     10.0
     290,20:17:22:48:108:383500, 5,     79.3,     113,     2539,       0.339,       9,     67.0
     291,20:17:22:48:108:385300, 6,     74.1,     122,     2591,       0.129,      36,    306.0
     292,20:17:22:48:108:407600, 3,     69.6,     151,     2790,       0.065,      26,    292.0
     293,20:17:22:48:108:408400, 4,     59.7,      84,     1576,       0.010,      16,    235.0
     294,20:17:22:48:108:424700, 1,     62.3,     118,     2440,       0.017,      29,    360.0
     295,20:17:22:48:108:439700, 2,     63.3,     127,     2454,       0.016,      28,    322.0
     296,20:17:22:48:108:471700, 7,     53.5,      76,      769,       0.002,      40,    297.0
     297,20:17:22:48:558:361300, 8,     97.3,     136,     3197,      12.043,       2,     10.0
     298,20:17:22:48:558:383400, 5,     79.3,     107,     2539,       0.339,       9,     67.0
     299,20:17:22:48:558:385200, 6,     74.1,     128,     2591,       0.129,      36,    306.0
     300,20:17:22:48:558:407600, 3,     69.6,     151,     2789,       0.065,      26,    292.0
     301,20:17:22:48:558:408100, 4,     59.6,      86,     1574,       0.010,      18,    235.0
     302,20:17:22:48:558:421700, 1,     62.9,     132,     2455,       0.017,      32,    432.0
     303,20:17:22:48:558:439300, 2,     63.3,     118,     2453,       0.016,      27,    322.0
     304,20:17:22:48:558:471600, 7,     53.6,      77,      769,       0.002,      40,    297.0
     305,20:17:22:49:008:361200, 8,     97.2,     137,     3197,      12.041,       2,     10.0
     306,20:17:22:49:008:383300, 5,     79.3,     106,     2539,       0.339,       9,     67.0
     307,20:17:22:49:008:385200, 6,     74.1,     132,     2590,       0.129,      36,    306.0
     308,20:17:22:49:008:407400, 3,     69.6,     154,     2790,       0.065,      26,    292.0
     309,20:17:22:49:008:407800, 4,     59.7,      82,     1577,       0.010,      16,    236.0
     310,20:17:22:49:008:421500, 1,     62.9,     136,     2455,       0.017,      32,    432.0
     311,20:17:22:49:008:439600, 2,     63.3,     128,     2453,       0.016,      28,    322.0
     312,20:17:22:49:008:471600, 7,     53.6,      78,      768,       0.002,      41,    297.0
     313,20:17:22:49:458:361100, 8,     97.2,     136,     3197,      12.041,       2,     10.0
     314,20:17:22:49:458:383200, 5,     79.3,     113,     2539,       0.339,       9,     67.0
     315,20:17:22:49:458:385000, 6,     74.1,     126,     2590,       0.129,      36,    306.0
     316,20:17:22:49:458:407400, 3,     69.6,     158,     2790,       0.065,      27,    292.0
     317,20:17:22:49:458:407400, 4,     59.7,      87,     1576,       0.010,      19,    236.0
     318,20:17:22:49:458:421500, 1,     62.9,     133,     2455,       0.017,      33,    432.0
     319,20:17:22:49:458:439000, 2,     63.3,     131,     2454,       0.016,      29,    322.0
     320,20:17:22:49:458:471500, 7,     53.6,      76,      768,       0.002,      40,    296.0
